date,kind,name,nav,ytd_return_pct,daily_change_pct
2026-04-10,fund,瑞享1号,1.0787,0.6200,0.0050
2026-04-10,fund,瑞享3号,0.6857,-16.3000,3.0700
2026-04-10,fund,配置1号,1.0793,1.0400,0.5200
2026-04-10,fund,瑞臻1号,1.4020,-9.5700,1.9300
2026-04-10,fund,鑫盛1号,1.1600,13.7800,0.6800
2026-04-10,fund,领航1号,1.0192,1.9100,1.8500
2026-04-10,fund,锐进1号,1.0076,0.7600,0.3900
2026-04-13,fund,瑞享1号,1.0788,0.6400,0.0050
2026-04-13,fund,瑞享3号,0.6851,-16.3700,-0.0700
2026-04-13,fund,配置1号,1.0807,1.1700,0.1400
2026-04-13,fund,瑞臻1号,1.4107,-9.0100,0.6300
2026-04-13,fund,鑫盛1号,1.1607,13.8500,0.0600
2026-04-13,fund,领航1号,1.0216,2.1600,0.2500
2026-04-13,fund,锐进1号,1.0090,0.9000,0.1400
2026-04-14,fund,瑞享1号,1.0789,0.6400,0.0050
2026-04-14,fund,瑞享3号,0.6764,-17.4300,-1.2800
2026-04-14,fund,配置1号,1.0849,1.5600,0.3900
2026-04-14,fund,瑞臻1号,1.3913,-10.2600,-1.3800
2026-04-14,fund,鑫盛1号,1.1666,14.4300,0.5100
2026-04-14,fund,领航1号,1.0385,3.8500,1.6500
2026-04-14,fund,锐进1号,1.0115,1.1500,0.2500
2026-04-15,fund,瑞享1号,1.0789,0.6500,0.0050
2026-04-15,fund,瑞享3号,0.6684,-18.4100,-1.1800
2026-04-15,fund,配置1号,1.0852,1.5900,0.0300
2026-04-15,fund,瑞臻1号,1.3530,-12.7300,-2.7500
2026-04-15,fund,鑫盛1号,1.1679,14.5500,0.1100
2026-04-15,fund,领航1号,1.0392,3.9200,0.0700
2026-04-15,fund,锐进1号,1.0116,1.1600,0.0100
2026-04-16,fund,瑞享1号,1.0790,0.6500,0.0050
2026-04-16,fund,瑞享3号,0.6716,-18.0200,0.4800
2026-04-16,fund,配置1号,1.0896,2.0000,0.4100
2026-04-16,fund,瑞臻1号,1.3487,-13.0100,-0.3200
2026-04-16,fund,鑫盛1号,1.1734,15.0900,0.4700
2026-04-16,fund,领航1号,1.0634,6.3300,2.3300
2026-04-16,fund,锐进1号,1.0138,1.3700,0.2200
2026-04-17,fund,瑞享1号,1.0790,0.6600,0.0050
2026-04-17,fund,瑞享3号,0.6693,-18.3000,-0.3400
2026-04-17,fund,配置1号,1.0909,2.1200,0.1100
2026-04-17,fund,瑞臻1号,1.3377,-13.7200,-0.8200
2026-04-17,fund,鑫盛1号,1.1742,15.1700,0.0700
2026-04-17,fund,领航1号,1.0627,6.2600,-0.0700
2026-04-17,fund,锐进1号,1.0153,1.5300,0.1500
2026-04-20,fund,瑞享1号,1.0792,0.6700,0.0050
2026-04-20,fund,瑞享3号,0.7055,-13.8900,5.4100
2026-04-20,fund,配置1号,1.0878,1.8300,-0.2800
2026-04-20,fund,瑞臻1号,1.3825,-10.8300,3.3600
2026-04-20,fund,鑫盛1号,1.1718,14.9300,-0.2000
2026-04-20,fund,领航1号,1.0668,6.6800,0.4000
2026-04-20,fund,锐进1号,1.0121,1.2100,-0.3200
2026-04-21,fund,瑞享1号,1.0792,0.6700,0.0050
2026-04-21,fund,瑞享3号,0.7404,-9.6200,4.9500
2026-04-21,fund,配置1号,1.0863,1.6900,-0.1400
2026-04-21,fund,瑞臻1号,1.4571,-6.0400,5.4000
2026-04-21,fund,鑫盛1号,1.1704,14.8000,-0.1100
2026-04-21,fund,领航1号,1.0673,6.7300,0.0500
2026-04-21,fund,锐进1号,1.0108,1.0800,-0.1300
2026-04-22,fund,瑞享1号,1.0793,0.6800,0.0050
2026-04-22,fund,瑞享3号,0.7513,-8.3000,1.4700
2026-04-22,fund,配置1号,1.0915,2.1800,0.4800
2026-04-22,fund,瑞臻1号,1.4461,-6.7300,-0.7500
2026-04-22,fund,鑫盛1号,1.1765,15.4000,0.5200
2026-04-22,fund,领航1号,1.0822,8.2200,1.4000
2026-04-22,fund,锐进1号,1.0139,1.3900,0.3100
2026-04-23,fund,瑞享1号,1.0793,0.6800,0.0050
2026-04-23,fund,瑞享3号,0.7218,-11.8900,-3.9200
2026-04-23,fund,配置1号,1.0844,1.5100,-0.6500
2026-04-23,fund,瑞臻1号,1.4173,-8.5800,-1.9900
2026-04-23,fund,鑫盛1号,1.1689,14.6500,-0.6500
2026-04-23,fund,领航1号,1.0609,6.0900,-1.9700
2026-04-23,fund,锐进1号,1.0081,0.8000,-0.5700
2026-04-24,fund,瑞享1号,1.0794,0.6900,0.0050
2026-04-24,fund,瑞享3号,0.7021,-14.2900,-2.7300
2026-04-24,fund,配置1号,1.0865,1.7100,0.1900
2026-04-24,fund,瑞臻1号,1.4026,-9.5300,-1.0400
2026-04-24,fund,鑫盛1号,1.1711,14.8600,0.1900
2026-04-24,fund,领航1号,1.0638,6.3800,0.2700
2026-04-24,fund,锐进1号,1.0103,1.0300,0.2200
2026-04-27,fund,瑞享1号,1.0795,0.7000,0.0050
2026-04-27,fund,瑞享3号,0.6941,-15.2700,-1.1300
2026-04-27,fund,配置1号,1.0883,1.8800,0.1800
2026-04-27,fund,瑞臻1号,1.3850,-10.6700,-1.2500
2026-04-27,fund,鑫盛1号,1.1730,15.0600,0.1700
2026-04-27,fund,领航1号,1.0714,7.1400,0.7200
2026-04-27,fund,锐进1号,1.0121,1.2000,0.1800
2026-04-28,fund,瑞享1号,1.0796,0.7100,0.0040
2026-04-28,fund,瑞享3号,0.6944,-15.2300,0.0400
2026-04-28,fund,配置1号,1.0894,1.9800,0.1000
2026-04-28,fund,瑞臻1号,1.3759,-11.2600,-0.6600
2026-04-28,fund,鑫盛1号,1.1749,15.2400,0.1600
2026-04-28,fund,领航1号,1.0638,6.3800,-0.7100
2026-04-28,fund,锐进1号,1.0142,1.4200,0.2100
2026-04-29,fund,瑞享1号,1.0796,0.7100,0.0050
2026-04-29,fund,瑞享3号,0.6775,-17.3000,-2.4400
2026-04-29,fund,配置1号,1.1011,3.0700,1.0700
2026-04-29,fund,瑞臻1号,1.3666,-11.8600,-0.6800
2026-04-29,fund,鑫盛1号,1.1877,16.4900,1.0900
2026-04-29,fund,领航1号,1.0964,9.6400,3.0600
2026-04-29,fund,锐进1号,1.0223,2.2300,0.8000
2026-04-30,fund,瑞享1号,1.0797,0.7200,0.0050
2026-04-30,fund,瑞享3号,0.7011,-14.4100,3.4900
2026-04-30,fund,配置1号,1.1028,3.2300,0.1600
2026-04-30,fund,瑞臻1号,1.3741,-11.3700,0.5500
2026-04-30,fund,鑫盛1号,1.1899,16.7100,0.1900
2026-04-30,fund,领航1号,1.0972,9.7100,0.0700
2026-04-30,fund,锐进1号,1.0243,2.4300,0.2000
2026-05-06,fund,锐进1号,1.0276,2.7600,0.3400
2026-05-06,fund,瑞享1号,1.0800,0.7500,0.0050
2026-05-06,fund,瑞享3号,0.7101,-13.3300,1.2900
2026-05-06,fund,配置1号,1.1096,3.8800,0.6400
2026-05-06,fund,瑞臻1号,1.3750,-11.3100,0.0900
2026-05-06,fund,鑫盛1号,1.1994,17.6400,0.8000
2026-05-06,fund,领航1号,1.1419,14.1900,4.1000
2026-05-07,fund,锐进1号,1.0267,2.6700,-0.0900
2026-05-07,fund,瑞享1号,1.0800,0.7500,0.0050
2026-05-07,fund,瑞享3号,0.7261,-11.3600,2.2600
2026-05-07,fund,配置1号,1.1099,3.9000,0.0300
2026-05-07,fund,瑞臻1号,1.3673,-11.8100,-0.5600
2026-05-07,fund,鑫盛1号,1.2004,17.7400,0.0800
2026-05-07,fund,领航1号,1.1576,15.7600,1.3700
2026-05-08,fund,锐进1号,1.0218,2.1800,-0.4800
2026-05-08,fund,瑞享1号,1.0801,0.7600,0.0040
2026-05-08,fund,瑞享3号,0.7307,-10.8100,0.6300
2026-05-08,fund,配置1号,1.1045,3.3900,-0.4900
2026-05-08,fund,瑞臻1号,1.3976,-9.8600,2.2200
2026-05-08,fund,鑫盛1号,1.1941,17.1200,-0.5200
2026-05-08,fund,领航1号,1.1465,14.6500,-0.9600
2026-05-11,fund,锐进1号,1.0323,3.2300,1.0300
2026-05-11,fund,瑞享1号,1.0802,0.7700,0.0050
2026-05-11,fund,瑞享3号,0.7172,-12.4600,-1.8500
2026-05-11,fund,配置1号,1.1177,4.6300,1.2000
2026-05-11,fund,瑞臻1号,1.4010,-9.6400,0.2500
2026-05-11,fund,鑫盛1号,1.2085,18.5300,1.2000
2026-05-11,fund,领航1号,1.1765,17.6500,2.6300
2026-05-12,fund,锐进1号,1.0335,3.3400,0.1200
2026-05-12,fund,瑞享1号,1.0803,0.7700,0.0050
2026-05-12,fund,瑞享3号,0.7144,-12.7900,-0.3800
2026-05-12,fund,配置1号,1.1181,4.6700,0.0400
2026-05-12,fund,瑞臻1号,1.3693,-11.6800,-2.2600
2026-05-12,fund,鑫盛1号,1.2098,18.6700,0.1100
2026-05-12,fund,领航1号,1.1697,16.9700,-0.5800
2026-05-13,fund,锐进1号,1.0421,4.2100,0.8300
2026-05-13,fund,瑞享1号,1.0803,0.7800,0.0050
2026-05-13,fund,瑞享3号,0.7150,-12.7200,0.0800
2026-05-13,fund,配置1号,1.1292,5.7000,0.9900
2026-05-13,fund,瑞臻1号,1.3709,-11.5800,0.1200
2026-05-13,fund,鑫盛1号,1.2221,19.8700,1.0200
2026-05-13,fund,领航1号,1.1915,19.1500,1.8600
2026-05-14,fund,锐进1号,1.0300,3.0000,-1.1600
2026-05-14,fund,瑞享1号,1.0804,0.7800,0.0050
2026-05-14,fund,瑞享3号,0.6882,-15.9900,-3.7500
2026-05-14,fund,配置1号,1.1144,4.3200,-1.3100
2026-05-14,fund,瑞臻1号,1.3202,-14.8500,-3.7000
2026-05-14,fund,鑫盛1号,1.2044,18.1300,-1.4500
2026-05-14,fund,领航1号,1.1558,15.5800,-3.0000
2026-05-15,fund,锐进1号,1.0231,2.3100,-0.6700
2026-05-15,fund,瑞享1号,1.0804,0.7900,0.0050
2026-05-15,fund,瑞享3号,0.6720,-17.9700,-2.3600
2026-05-15,fund,配置1号,1.1043,3.3700,-0.9100
2026-05-15,fund,瑞臻1号,1.2846,-17.1400,-2.7000
2026-05-15,fund,鑫盛1号,1.1940,17.1100,-0.8600
2026-05-15,fund,领航1号,1.1322,13.2200,-2.0400
2026-05-18,fund,锐进1号,1.0243,2.4300,0.1300
2026-05-18,fund,瑞享1号,1.0806,0.8000,0.0050
2026-05-18,fund,瑞享3号,0.6570,-19.8000,-2.2300
2026-05-18,fund,配置1号,1.1050,3.4400,0.0700
2026-05-18,fund,瑞臻1号,1.2717,-17.9800,-1.0000
2026-05-18,fund,鑫盛1号,1.1944,17.1500,0.0300
2026-05-18,fund,领航1号,1.1332,13.3200,0.1000
2026-05-19,fund,锐进1号,1.0255,2.5500,0.1200
2026-05-19,fund,瑞享1号,1.0806,0.8100,0.0050
2026-05-19,fund,瑞享3号,0.6942,-15.2600,5.6700
2026-05-19,fund,配置1号,1.1062,3.5600,0.1100
2026-05-19,fund,瑞臻1号,1.2937,-16.5600,1.7300
2026-05-19,fund,鑫盛1号,1.1952,17.2300,0.0700
2026-05-19,fund,领航1号,1.1382,13.8200,0.4400
2026-05-20,fund,锐进1号,1.0302,3.0200,0.4600
2026-05-20,fund,瑞享1号,1.0807,0.8100,0.0050
2026-05-20,fund,瑞享3号,0.6776,-17.2900,-2.3900
2026-05-20,fund,配置1号,1.1107,3.9800,0.4100
2026-05-20,fund,瑞臻1号,1.2821,-17.3100,-0.9000
2026-05-20,fund,鑫盛1号,1.2005,17.7500,0.4400
2026-05-20,fund,领航1号,1.1494,14.9300,0.9800
2026-04-10,benchmark,沪深300_since_2026-02-27,,-1.5726,
2026-04-10,benchmark,中证500_since_2026-02-27,,-7.9585,
2026-04-13,benchmark,沪深300_since_2026-02-27,,-1.3691,
2026-04-13,benchmark,中证500_since_2026-02-27,,-7.9778,
2026-04-14,benchmark,沪深300_since_2026-02-27,,-0.1988,
2026-04-14,benchmark,中证500_since_2026-02-27,,-6.5818,
2026-04-15,benchmark,沪深300_since_2026-02-27,,-0.5392,
2026-04-15,benchmark,中证500_since_2026-02-27,,-7.0956,
2026-04-16,benchmark,沪深300_since_2026-02-27,,0.5511,
2026-04-16,benchmark,中证500_since_2026-02-27,,-5.5249,
2026-04-17,benchmark,沪深300_since_2026-02-27,,0.3826,
2026-04-17,benchmark,中证500_since_2026-02-27,,-5.1309,
2026-04-20,benchmark,沪深300_since_2026-02-27,,0.9934,
2026-04-20,benchmark,中证500_since_2026-02-27,,-4.2551,
2026-04-21,benchmark,沪深300_since_2026-02-27,,1.2175,
2026-04-21,benchmark,中证500_since_2026-02-27,,-4.4826,
2026-04-22,benchmark,沪深300_since_2026-02-27,,1.8889,
2026-04-22,benchmark,中证500_since_2026-02-27,,-3.2600,
2026-04-23,benchmark,沪深300_since_2026-02-27,,1.6066,
2026-04-23,benchmark,中证500_since_2026-02-27,,-4.1952,
2026-04-24,benchmark,沪深300_since_2026-02-27,,1.2466,
2026-04-24,benchmark,中证500_since_2026-02-27,,-4.7419,
2026-04-27,benchmark,沪深300_since_2026-02-27,,1.2801,
2026-04-27,benchmark,中证500_since_2026-02-27,,-4.1509,
2026-04-28,benchmark,沪深300_since_2026-02-27,,1.0097,
2026-04-28,benchmark,中证500_since_2026-02-27,,-5.2491,
2026-04-29,benchmark,沪深300_since_2026-02-27,,2.1165,
2026-04-29,benchmark,中证500_since_2026-02-27,,-3.6499,
2026-04-30,benchmark,沪深300_since_2026-02-27,,2.0519,
2026-04-30,benchmark,中证500_since_2026-02-27,,-3.5681,
2026-05-06,benchmark,沪深300_since_2026-02-27,,3.5334,
2026-05-06,benchmark,中证500_since_2026-02-27,,-0.8086,
2026-05-07,benchmark,沪深300_since_2026-02-27,,4.0305,
2026-05-07,benchmark,中证500_since_2026-02-27,,0.4429,
2026-05-08,benchmark,沪深300_since_2026-02-27,,3.4234,
2026-05-08,benchmark,中证500_since_2026-02-27,,0.4126,
2026-05-11,benchmark,沪深300_since_2026-02-27,,5.1201,
2026-05-11,benchmark,中证500_since_2026-02-27,,2.0938,
2026-05-12,benchmark,沪深300_since_2026-02-27,,5.0396,
2026-05-12,benchmark,中证500_since_2026-02-27,,1.4729,
2026-05-13,benchmark,沪深300_since_2026-02-27,,6.1073,
2026-05-13,benchmark,中证500_since_2026-02-27,,3.0004,
2026-05-14,benchmark,沪深300_since_2026-02-27,,4.3296,
2026-05-14,benchmark,中证500_since_2026-02-27,,0.1352,
2026-05-15,benchmark,沪深300_since_2026-02-27,,3.1619,
2026-05-15,benchmark,中证500_since_2026-02-27,,-1.4103,
2026-05-18,benchmark,沪深300_since_2026-02-27,,2.6085,
2026-05-18,benchmark,中证500_since_2026-02-27,,-1.2036,
2026-05-19,benchmark,沪深300_since_2026-02-27,,3.0195,
2026-05-19,benchmark,中证500_since_2026-02-27,,-0.3523,
2026-05-20,benchmark,沪深300_since_2026-02-27,,2.9731,
2026-05-20,benchmark,中证500_since_2026-02-27,,-0.0248,
